patient_id,fhir_file,label,label_text,has_diabetic_glaucoma,diabetes_condition_in_fhir,glaucoma_diagnosis_in_fhir,source_dataset,source_split,source_image_id,source_image_path,embedded_image_sha256,embedded_image_size_bytes,bundle_id,gender,birth_date,age_years,diabetes_duration_years,hba1c_percent,fasting_glucose_mg_dL,created_date
pt-021ozs4fc8rp,fhir_bundles/pt-021ozs4fc8rp.json,0,Non-Glaucoma,False,True,False,G1020,full,image_446.jpg,archive/G1020/Images/image_446.jpg,630470a0496333e021d88aac4275baf534afe2ab8556406565e33761730e4370,1179426,bundle-pt-021ozs4fc8rp,male,1995-04-03,31,12,8.2,155,2026-08-12
pt-0mz859n042c0,fhir_bundles/pt-0mz859n042c0.json,0,Non-Glaucoma,False,True,False,G1020,full,image_1096.jpg,archive/G1020/Images/image_1096.jpg,2dcd1b1068e5b14ff19d48fb2893216b0e40bb3091ba071b2dc7edd3962f2622,1041440,bundle-pt-0mz859n042c0,female,1983-04-17,43,11,7.2,127,2026-08-12
pt-0n8utmh2bgrw,fhir_bundles/pt-0n8utmh2bgrw.json,1,Glaucoma,True,True,False,REFUGE,train,g0031.jpg,archive/REFUGE/train/Images/g0031.jpg,09965ddd82b1b4c44c90f8e7fc8769bffb4ac22d4c5ce3039dccf39e6c2ddc03,1831171,bundle-pt-0n8utmh2bgrw,male,1977-08-13,49,11,6.9,91,2026-08-12
pt-0oas72ifyrhn,fhir_bundles/pt-0oas72ifyrhn.json,0,Non-Glaucoma,False,True,False,G1020,full,image_2209.jpg,archive/G1020/Images/image_2209.jpg,e29e8ec9d90b4a37e191e98ce308fd243a89491fd278433457e9482c19926095,1048792,bundle-pt-0oas72ifyrhn,female,1962-08-13,64,10,8.1,138,2026-08-12
pt-0rs1kz9m9h4c,fhir_bundles/pt-0rs1kz9m9h4c.json,1,Glaucoma,True,True,False,REFUGE,train,g0014.jpg,archive/REFUGE/train/Images/g0014.jpg,b88b802d6175c4242189177839b7e62591e981b8f78e6099cbc86d7b0389e6a5,1840462,bundle-pt-0rs1kz9m9h4c,male,1959-11-16,67,14,9.6,157,2026-08-12
pt-22kh04gg1k2t,fhir_bundles/pt-22kh04gg1k2t.json,0,Non-Glaucoma,False,True,False,G1020,full,image_1329.jpg,archive/G1020/Images/image_1329.jpg,73fc9392f1f48b01a8693bb648d16c729f9a91049b882654b5279bb89e2397d5,1061323,bundle-pt-22kh04gg1k2t,male,1970-04-24,56,4,7.8,138,2026-08-12
pt-266754jlbqko,fhir_bundles/pt-266754jlbqko.json,1,Glaucoma,True,True,False,REFUGE,val,V0181.jpg,archive/REFUGE/val/Images/V0181.jpg,40ce6210cb0344d4a4e793ee9ba2b3dcd035bf5dc87b001f934a72d1a3b6ad90,1029854,bundle-pt-266754jlbqko,male,1963-07-20,63,12,7.3,141,2026-08-12
pt-2q0f0enp1blg,fhir_bundles/pt-2q0f0enp1blg.json,1,Glaucoma,True,True,False,ORIGA,B,269.jpg,archive/ORIGA/Images/269.jpg,82d54a10a4b4db57ab1c08b6c646d505a34ca57270f2267906c920285e862b58,751125,bundle-pt-2q0f0enp1blg,male,1959-04-24,67,11,7.1,130,2026-08-12
pt-2r81zjj6i42r,fhir_bundles/pt-2r81zjj6i42r.json,0,Non-Glaucoma,False,True,False,G1020,full,image_2362.jpg,archive/G1020/Images/image_2362.jpg,2f535ea411b7ecbc03edb475659d6698c5dffde9587b93107057b3f0ce124da4,1085170,bundle-pt-2r81zjj6i42r,male,1972-02-03,54,8,6.1,127,2026-08-12
pt-2t39ngjg84ke,fhir_bundles/pt-2t39ngjg84ke.json,1,Glaucoma,True,True,False,G1020,full,image_2733.jpg,archive/G1020/Images/image_2733.jpg,ab277694566247940fc6612eb602b8bc8de6793f40b02b15d46b58f3f08109d0,1103121,bundle-pt-2t39ngjg84ke,male,1967-09-26,59,17,9.6,233,2026-08-12
pt-3fjlcv0pjlma,fhir_bundles/pt-3fjlcv0pjlma.json,1,Glaucoma,True,True,False,ORIGA,A,349.jpg,archive/ORIGA/Images/349.jpg,16cb1c7043fb0994f55333a2e3405d59e83d454f44430c7ea79d0be029a1fa83,571864,bundle-pt-3fjlcv0pjlma,male,1976-07-22,50,12,7.2,97,2026-08-12
pt-3ohv2qsxioz2,fhir_bundles/pt-3ohv2qsxioz2.json,1,Glaucoma,True,True,False,G1020,full,image_1934.jpg,archive/G1020/Images/image_1934.jpg,7fe730f72555909926d623866de4d5054c1d783d8b1632fc78f6c9fe54f7ae40,1107593,bundle-pt-3ohv2qsxioz2,male,1969-09-12,57,13,8.4,173,2026-08-12
pt-3vue4py7m802,fhir_bundles/pt-3vue4py7m802.json,0,Non-Glaucoma,False,True,False,ORIGA,B,323.jpg,archive/ORIGA/Images/323.jpg,d8e5c9b9b7b33aa3d176c247eb06e4dd47632c546d42d71d5f4ed98e71383ec6,829820,bundle-pt-3vue4py7m802,female,1979-08-19,47,4,6.5,114,2026-08-12
pt-3w3vq9dc4fvl,fhir_bundles/pt-3w3vq9dc4fvl.json,1,Glaucoma,True,True,False,REFUGE,val,V0347.jpg,archive/REFUGE/val/Images/V0347.jpg,d10da7ca01e8fd8a31b33789c3ed99fc93658a93fcbca65c825a3396aff687c2,847257,bundle-pt-3w3vq9dc4fvl,male,1975-09-28,51,10,8.4,171,2026-08-12
pt-3zs34r2j5qbb,fhir_bundles/pt-3zs34r2j5qbb.json,0,Non-Glaucoma,False,True,False,G1020,full,image_3199.jpg,archive/G1020/Images/image_3199.jpg,45de81b53328e982a620387fffba9856816f03f48915012af19fae53dccac460,1056913,bundle-pt-3zs34r2j5qbb,male,1956-05-15,70,9,6.9,119,2026-08-12
pt-42rfa7b2v46h,fhir_bundles/pt-42rfa7b2v46h.json,0,Non-Glaucoma,False,True,False,REFUGE,val,V0072.jpg,archive/REFUGE/val/Images/V0072.jpg,c03c20d7cb77cf6f0d6e94ffee9bef98c1c3e1bef255d9ff5375952111c0fc87,886408,bundle-pt-42rfa7b2v46h,male,1967-10-26,59,2,7.2,146,2026-08-12
pt-4ecvtjgs0tka,fhir_bundles/pt-4ecvtjgs0tka.json,1,Glaucoma,True,True,False,ORIGA,A,433.jpg,archive/ORIGA/Images/433.jpg,6708c93580bab62a87d5598d54f996d28895f65817b86965ab8c0b8556bcb6b8,872054,bundle-pt-4ecvtjgs0tka,female,1986-01-23,40,14,6.7,128,2026-08-12
pt-4zzcefksnayu,fhir_bundles/pt-4zzcefksnayu.json,1,Glaucoma,True,True,False,G1020,full,image_3168.jpg,archive/G1020/Images/image_3168.jpg,5ad292c4b4ece9127717ea4beaea5c74d597acab7fd73168c5041f7c1a067e13,1240733,bundle-pt-4zzcefksnayu,male,1977-09-10,49,11,6.4,137,2026-08-12
pt-5cbldii817hj,fhir_bundles/pt-5cbldii817hj.json,0,Non-Glaucoma,False,True,False,ORIGA,A,275.jpg,archive/ORIGA/Images/275.jpg,e678834a0de788662a2aae74aff1786230e6c060c9b2a23ce572fecd4b18a74e,959515,bundle-pt-5cbldii817hj,male,1990-03-02,36,10,9.1,207,2026-08-12
pt-5wjok390r9u5,fhir_bundles/pt-5wjok390r9u5.json,1,Glaucoma,True,True,False,G1020,full,image_1202.jpg,archive/G1020/Images/image_1202.jpg,4937ca27d770ffb71d275067c05d24ead621cf5d6d31fc8569cdd30b9dde2479,1124780,bundle-pt-5wjok390r9u5,male,1954-02-11,72,20,8.5,162,2026-08-12
pt-63slojdoo5sg,fhir_bundles/pt-63slojdoo5sg.json,0,Non-Glaucoma,False,True,False,G1020,full,image_3169.jpg,archive/G1020/Images/image_3169.jpg,364cda1d0dfe3b87c41af9ab021f7a2c4f97ee1a1598eafde5622df6887513c1,800265,bundle-pt-63slojdoo5sg,male,1961-09-13,65,15,7.0,131,2026-08-12
pt-6cr61u0dr7xw,fhir_bundles/pt-6cr61u0dr7xw.json,1,Glaucoma,True,True,False,REFUGE,train,g0005.jpg,archive/REFUGE/train/Images/g0005.jpg,cc2b85df0bf65b66ad3f19876fb859548141f9a25eb2f7df74962bdba9cccb2d,2086686,bundle-pt-6cr61u0dr7xw,male,1967-09-06,59,17,6.1,123,2026-08-12
pt-6dpzovzdqebm,fhir_bundles/pt-6dpzovzdqebm.json,0,Non-Glaucoma,False,True,False,REFUGE,val,V0292.jpg,archive/REFUGE/val/Images/V0292.jpg,e2e17676b116371f432caae99ee392a3ad4fc3eb14d35dd9a11d8819191bd40f,1003699,bundle-pt-6dpzovzdqebm,female,1967-02-27,59,9,6.2,115,2026-08-12
pt-6pgb86azh4zi,fhir_bundles/pt-6pgb86azh4zi.json,1,Glaucoma,True,True,False,REFUGE,train,g0036.jpg,archive/REFUGE/train/Images/g0036.jpg,1e9981a4161463478229e3b8ac67f5b1c78dc63960d20e5b25049f3a556aa1e1,1677207,bundle-pt-6pgb86azh4zi,female,1961-06-24,65,20,6.6,107,2026-08-12
pt-7cm2jmwru04e,fhir_bundles/pt-7cm2jmwru04e.json,0,Non-Glaucoma,False,True,False,G1020,full,image_3198.jpg,archive/G1020/Images/image_3198.jpg,e797c41e7a0b1755a73a99e44e39dee59be8bbb2539e1cabffc47ac80955bef1,1024945,bundle-pt-7cm2jmwru04e,other,1964-11-05,62,5,7.7,151,2026-08-12
pt-7iccajbxcsoj,fhir_bundles/pt-7iccajbxcsoj.json,1,Glaucoma,True,True,False,ORIGA,A,589.jpg,archive/ORIGA/Images/589.jpg,97ea2b7c9f59c6a7e99278919486a0006c87e4a05457b71789b62b04ab08d1b7,361805,bundle-pt-7iccajbxcsoj,female,1970-08-02,56,17,9.2,203,2026-08-12
pt-7laf1kq95mjz,fhir_bundles/pt-7laf1kq95mjz.json,0,Non-Glaucoma,False,True,False,G1020,full,image_2886.jpg,archive/G1020/Images/image_2886.jpg,b2392db0993ca740308bb299c4e547a00e4bbe1ee7ceee1cf38335e134597ae3,1131676,bundle-pt-7laf1kq95mjz,male,1963-03-07,63,4,7.5,136,2026-08-12
pt-83jd6reczfyy,fhir_bundles/pt-83jd6reczfyy.json,1,Glaucoma,True,True,False,ORIGA,B,640.jpg,archive/ORIGA/Images/640.jpg,c32555410a2e8916979fc5d5ce6d4745db74b0b9d7d8de05d68cedb0091f4999,615752,bundle-pt-83jd6reczfyy,female,1956-11-18,70,6,8.4,157,2026-08-12
pt-8rqnnq7b7pgh,fhir_bundles/pt-8rqnnq7b7pgh.json,1,Glaucoma,True,True,False,G1020,full,image_1893.jpg,archive/G1020/Images/image_1893.jpg,18700d48660adb25e66416592d1a23b512e5679db68253442dbd93089e842297,652651,bundle-pt-8rqnnq7b7pgh,male,1950-01-03,76,16,9.0,186,2026-08-12
pt-8vci00h6pwjv,fhir_bundles/pt-8vci00h6pwjv.json,1,Glaucoma,True,True,False,ORIGA,B,505.jpg,archive/ORIGA/Images/505.jpg,d130c95dde7b0fbc57bc5fb41ea326d940407d920d965b25de3483bd0c76f2d1,623367,bundle-pt-8vci00h6pwjv,female,1955-05-26,71,18,6.1,94,2026-08-12
pt-9q71oy8pydfs,fhir_bundles/pt-9q71oy8pydfs.json,0,Non-Glaucoma,False,True,False,G1020,full,image_1626.jpg,archive/G1020/Images/image_1626.jpg,c026a7a68c527604360cb1580f2904028e69299fab8b52a286ba2ef74253072e,1000789,bundle-pt-9q71oy8pydfs,male,1963-11-13,63,1,6.6,108,2026-08-12
pt-9usb2habfssh,fhir_bundles/pt-9usb2habfssh.json,0,Non-Glaucoma,False,True,False,ORIGA,B,375.jpg,archive/ORIGA/Images/375.jpg,ea37baf5c2e6bc2888835e248c9eea3a4757826e9b5a59e1ee8d5afb00079dcc,870649,bundle-pt-9usb2habfssh,female,1984-08-27,42,21,7.5,167,2026-08-12
pt-a9mv4f2od5aq,fhir_bundles/pt-a9mv4f2od5aq.json,0,Non-Glaucoma,False,True,False,ORIGA,B,513.jpg,archive/ORIGA/Images/513.jpg,1a35301352c378d2ddfc412410d0a2a8ac4dc7427b1aec6ef4337c9dce04992a,619724,bundle-pt-a9mv4f2od5aq,female,1970-06-15,56,4,7.2,117,2026-08-12
pt-acthgl35cepr,fhir_bundles/pt-acthgl35cepr.json,0,Non-Glaucoma,False,True,False,REFUGE,train,n0278.jpg,archive/REFUGE/train/Images/n0278.jpg,bb7dc1428b23c4db18969b4dcab8ba660c5cbd4291ed25ad9eb878da0e451184,1769830,bundle-pt-acthgl35cepr,female,1977-07-10,49,9,6.4,109,2026-08-12
pt-akw5hg4ueqih,fhir_bundles/pt-akw5hg4ueqih.json,0,Non-Glaucoma,False,True,False,REFUGE,val,V0016.jpg,archive/REFUGE/val/Images/V0016.jpg,6f7d98cae38326b024f22d7c73cbdcc216a55292fd5ad000ee4cde6baf6211b7,1044250,bundle-pt-akw5hg4ueqih,female,1973-03-11,53,1,8.3,164,2026-08-12
pt-au2qsxsojnyo,fhir_bundles/pt-au2qsxsojnyo.json,0,Non-Glaucoma,False,True,False,ORIGA,B,256.jpg,archive/ORIGA/Images/256.jpg,18f2f76a3052117876b9f7bc7aee8dccf1c6fb1c8b4a735e94de94f23f66f5f8,717294,bundle-pt-au2qsxsojnyo,female,1992-05-26,34,14,8.4,169,2026-08-12
pt-auumoav8g5hq,fhir_bundles/pt-auumoav8g5hq.json,1,Glaucoma,True,True,False,G1020,full,image_608.jpg,archive/G1020/Images/image_608.jpg,cce6a855aa0d015cf67a065712967195300637b8bcec5a0d78ba2e7245238f69,1107923,bundle-pt-auumoav8g5hq,female,1962-07-13,64,13,9.1,193,2026-08-12
pt-aykd6mlucxo0,fhir_bundles/pt-aykd6mlucxo0.json,0,Non-Glaucoma,False,True,False,REFUGE,train,n0033.jpg,archive/REFUGE/train/Images/n0033.jpg,461000d11991ef480f3db9dc7701e99745d5e66712c387e19f8dfaf0cf92266d,1949195,bundle-pt-aykd6mlucxo0,male,1969-01-13,57,7,8.7,140,2026-08-12
pt-b0cfe489rhbd,fhir_bundles/pt-b0cfe489rhbd.json,1,Glaucoma,True,True,False,REFUGE,train,g0039.jpg,archive/REFUGE/train/Images/g0039.jpg,72b52c52a29bca052f0727e4c09f1320d18f593ff5c7e0a740b34eca288b4299,1841731,bundle-pt-b0cfe489rhbd,male,1955-03-08,71,21,7.7,165,2026-08-12
pt-bbe5fefr9cvo,fhir_bundles/pt-bbe5fefr9cvo.json,1,Glaucoma,True,True,False,ORIGA,B,636.jpg,archive/ORIGA/Images/636.jpg,6e8006522c20e4824683fb5b832aa2732556c82d121e5c3922b18e2798c13c78,506765,bundle-pt-bbe5fefr9cvo,male,1950-11-26,76,9,7.9,144,2026-08-12
pt-boepkl48lwra,fhir_bundles/pt-boepkl48lwra.json,1,Glaucoma,True,True,False,G1020,full,image_2148.jpg,archive/G1020/Images/image_2148.jpg,241328f2d56689bae3e6ee4352770a4abf963b5e18770423d0c963e737687b54,1025819,bundle-pt-boepkl48lwra,female,1971-10-06,55,9,7.9,172,2026-08-12
pt-bvl7jvj92jsl,fhir_bundles/pt-bvl7jvj92jsl.json,1,Glaucoma,True,True,False,ORIGA,B,072.jpg,archive/ORIGA/Images/072.jpg,ae3e3a18aa8a1309e7cab7575dee5440106595b596562c810c31f3ca07dc6f6e,845546,bundle-pt-bvl7jvj92jsl,male,1966-04-03,60,9,8.4,141,2026-08-12
pt-dhb3pll05t2t,fhir_bundles/pt-dhb3pll05t2t.json,0,Non-Glaucoma,False,True,False,ORIGA,B,629.jpg,archive/ORIGA/Images/629.jpg,0c7aa5c7350d85943d00afdf09a0a5ef1cb8e3716837cc53b920d4ab61f3cb18,591288,bundle-pt-dhb3pll05t2t,female,1976-05-23,50,1,9.8,234,2026-08-12
pt-doog5t6xpprl,fhir_bundles/pt-doog5t6xpprl.json,1,Glaucoma,True,True,False,G1020,full,image_1000.jpg,archive/G1020/Images/image_1000.jpg,829c824aae2966a6a4c6c0362f0c6983436310e4b2224c1e9be40231fb381e44,1016986,bundle-pt-doog5t6xpprl,female,1965-02-27,61,16,7.0,123,2026-08-12
pt-e0psxpvcb2j0,fhir_bundles/pt-e0psxpvcb2j0.json,0,Non-Glaucoma,False,True,False,G1020,full,image_981.jpg,archive/G1020/Images/image_981.jpg,b57b41b6bfbaa7a367e885afd61e8c27a61729d98958bed8e1f2ae7350cf91a2,1065601,bundle-pt-e0psxpvcb2j0,female,1957-04-27,69,3,8.1,149,2026-08-12
pt-ebz0igxxmbbd,fhir_bundles/pt-ebz0igxxmbbd.json,1,Glaucoma,True,True,False,ORIGA,A,037.jpg,archive/ORIGA/Images/037.jpg,bd2cf01849bb9e89e7a4a6bd5e796269e5b7ac1f5062a5d67e2154fbdcf3efde,893064,bundle-pt-ebz0igxxmbbd,female,1971-06-18,55,9,7.6,151,2026-08-12
pt-eiji4jyv1hxq,fhir_bundles/pt-eiji4jyv1hxq.json,1,Glaucoma,True,True,False,G1020,full,image_3165.jpg,archive/G1020/Images/image_3165.jpg,ebb5767de2b5398b4276562222caa94a0a233a83f09c81a2c07bbd5325c85ff2,1059347,bundle-pt-eiji4jyv1hxq,female,1959-01-07,67,18,7.1,160,2026-08-12
pt-eqslsnyafrvw,fhir_bundles/pt-eqslsnyafrvw.json,1,Glaucoma,True,True,False,ORIGA,B,286.jpg,archive/ORIGA/Images/286.jpg,aa3f981aee4ef61ba72333ecc17a833fab6683cf6938b8a2b569a8e887fc6654,640803,bundle-pt-eqslsnyafrvw,male,1963-08-25,63,31,9.7,218,2026-08-12
pt-g2eui7tlxx9q,fhir_bundles/pt-g2eui7tlxx9q.json,0,Non-Glaucoma,False,True,False,ORIGA,B,367.jpg,archive/ORIGA/Images/367.jpg,318aa5630e2bdd836be69b32507cc9ad92fa69b469ac3e9c301f71a31841278c,528508,bundle-pt-g2eui7tlxx9q,female,1963-09-04,63,8,6.4,88,2026-08-12
pt-ge2100bomecd,fhir_bundles/pt-ge2100bomecd.json,0,Non-Glaucoma,False,True,False,G1020,full,image_470.jpg,archive/G1020/Images/image_470.jpg,57697fadb7e6f3bef22a67e238e818961ce879b832f60ca3f5367ba380d1eafc,1074799,bundle-pt-ge2100bomecd,female,1971-06-16,55,7,7.9,156,2026-08-12
pt-ggdeowd4qxlp,fhir_bundles/pt-ggdeowd4qxlp.json,1,Glaucoma,True,True,False,REFUGE,train,g0010.jpg,archive/REFUGE/train/Images/g0010.jpg,b6b0ce64addd08529276ca0348d2c41efa2db6bc39f8af0b9f25e30e3f9a736c,1787973,bundle-pt-ggdeowd4qxlp,male,1957-07-05,69,15,7.3,126,2026-08-12
pt-h3fk5t8uw80d,fhir_bundles/pt-h3fk5t8uw80d.json,1,Glaucoma,True,True,False,ORIGA,B,429.jpg,archive/ORIGA/Images/429.jpg,425469a07ec88e0f9c291d67c53cc7f4dd61cd6ad96a3c09155bc40cd5979d32,949837,bundle-pt-h3fk5t8uw80d,female,1964-03-18,62,9,8.4,195,2026-08-12
pt-h61vndqdi3eo,fhir_bundles/pt-h61vndqdi3eo.json,0,Non-Glaucoma,False,True,False,REFUGE,train,n0147.jpg,archive/REFUGE/train/Images/n0147.jpg,ac4a0c06f35f65f687924e66bb11e57c9b6f05aa0a31fc72b233f246beba7606,1767279,bundle-pt-h61vndqdi3eo,male,1970-01-16,56,16,6.6,115,2026-08-12
pt-h7ergazys1sj,fhir_bundles/pt-h7ergazys1sj.json,0,Non-Glaucoma,False,True,False,REFUGE,val,V0132.jpg,archive/REFUGE/val/Images/V0132.jpg,6bf17f52881f93614ebe3fd5e8a595ac8ae86e3d88fb6d690a19eb11a7de70c6,985541,bundle-pt-h7ergazys1sj,male,1977-03-12,49,5,8.5,151,2026-08-12
pt-hdxerrqreehj,fhir_bundles/pt-hdxerrqreehj.json,1,Glaucoma,True,True,False,ORIGA,B,506.jpg,archive/ORIGA/Images/506.jpg,e1320664aea095e755a94ebba74f74130945124fac7771022ff82f39f9d079f0,391890,bundle-pt-hdxerrqreehj,female,1952-03-21,74,11,8.2,163,2026-08-12
pt-hjjxlfyn3s8n,fhir_bundles/pt-hjjxlfyn3s8n.json,1,Glaucoma,True,True,False,REFUGE,train,g0025.jpg,archive/REFUGE/train/Images/g0025.jpg,304b6a60356dc35e42f26a5bb37f42071a4e63ac3ba1be62ac7ece777e8c1f34,1621992,bundle-pt-hjjxlfyn3s8n,male,1985-03-14,41,22,7.2,135,2026-08-12
pt-hp6dutunkgv1,fhir_bundles/pt-hp6dutunkgv1.json,0,Non-Glaucoma,False,True,False,ORIGA,A,005.jpg,archive/ORIGA/Images/005.jpg,ae529acb0b82873d6917519875afd2a7a6fa2270f6f791252d7f66d08c8b3936,1050043,bundle-pt-hp6dutunkgv1,female,1971-05-23,55,12,7.7,166,2026-08-12
pt-i35yc0743q8c,fhir_bundles/pt-i35yc0743q8c.json,1,Glaucoma,True,True,False,ORIGA,B,571.jpg,archive/ORIGA/Images/571.jpg,76abb8383f80460b319bdc5e6018a534d4207900a427b12c4f8f3632a04d7ffc,487081,bundle-pt-i35yc0743q8c,male,1960-12-25,66,16,9.1,199,2026-08-12
pt-ilmzehr1iolh,fhir_bundles/pt-ilmzehr1iolh.json,0,Non-Glaucoma,False,True,False,ORIGA,A,150.jpg,archive/ORIGA/Images/150.jpg,ee59e3b01e120bbb1079d8c03ea192df10e12f1d126afddfbf033b56b1d186b3,784781,bundle-pt-ilmzehr1iolh,male,1973-03-27,53,5,6.6,114,2026-08-12
pt-im9qfk471n0q,fhir_bundles/pt-im9qfk471n0q.json,1,Glaucoma,True,True,False,REFUGE,val,V0028.jpg,archive/REFUGE/val/Images/V0028.jpg,a19892f6730a2670c5c1be606cc1434597251db7c845e9a71c371abe8c0b1d26,848832,bundle-pt-im9qfk471n0q,male,1976-02-08,50,15,9.0,189,2026-08-12
pt-ingmjbadq52m,fhir_bundles/pt-ingmjbadq52m.json,1,Glaucoma,True,True,False,REFUGE,val,V0041.jpg,archive/REFUGE/val/Images/V0041.jpg,42f3a9ad1222ad0ebe56fb6027cc9ffb170fa2698a0e015638a3723f3d616f95,805793,bundle-pt-ingmjbadq52m,female,1962-10-26,64,18,7.7,150,2026-08-12
pt-j0eiru753pds,fhir_bundles/pt-j0eiru753pds.json,0,Non-Glaucoma,False,True,False,REFUGE,val,V0129.jpg,archive/REFUGE/val/Images/V0129.jpg,dc932241d1b3c1cd82e6bbd2470a4315e48ff063c44660a1fadf8a6e26374492,856963,bundle-pt-j0eiru753pds,female,1980-05-17,46,3,6.1,108,2026-08-12
pt-j1nkfbfcxudh,fhir_bundles/pt-j1nkfbfcxudh.json,0,Non-Glaucoma,False,True,False,G1020,full,image_1240.jpg,archive/G1020/Images/image_1240.jpg,60d798bd445e0cdfc25e38c9178581304babf2bbf8c4dadc2cc0762d8976c0b4,1071788,bundle-pt-j1nkfbfcxudh,male,1963-11-09,63,5,7.0,137,2026-08-12
pt-jako17g3ijv0,fhir_bundles/pt-jako17g3ijv0.json,0,Non-Glaucoma,False,True,False,REFUGE,val,V0389.jpg,archive/REFUGE/val/Images/V0389.jpg,1e11e6604d8c3fa7ffbf901f433514246d3bf90caba944d890a26ee64f62c1d5,862494,bundle-pt-jako17g3ijv0,female,1964-06-16,62,11,9.1,193,2026-08-12
pt-jmn9b27hjiyv,fhir_bundles/pt-jmn9b27hjiyv.json,1,Glaucoma,True,True,False,G1020,full,image_3144.jpg,archive/G1020/Images/image_3144.jpg,d34ec12c295e945993104825ba98cc997ebd72039d32c6db79610fa27ab392d6,769718,bundle-pt-jmn9b27hjiyv,male,1971-11-26,55,7,8.0,165,2026-08-12
pt-jy15nmwu2wl1,fhir_bundles/pt-jy15nmwu2wl1.json,0,Non-Glaucoma,False,True,False,ORIGA,A,412.jpg,archive/ORIGA/Images/412.jpg,b886c233df0b464bb19f56df035c92e30807e7b09e7b3b6680a1a8b048f957d6,534254,bundle-pt-jy15nmwu2wl1,male,1967-02-01,59,5,7.7,123,2026-08-12
pt-k4uw2872t3zq,fhir_bundles/pt-k4uw2872t3zq.json,0,Non-Glaucoma,False,True,False,ORIGA,B,460.jpg,archive/ORIGA/Images/460.jpg,10f903de87abc622ca026bfed21e5ffec550101ce86dabadd084aff404eacb2d,699313,bundle-pt-k4uw2872t3zq,male,1962-04-01,64,11,7.3,140,2026-08-12
pt-keps3afoouoo,fhir_bundles/pt-keps3afoouoo.json,1,Glaucoma,True,True,False,G1020,full,image_1524.jpg,archive/G1020/Images/image_1524.jpg,e1c0a846a2690897d7ee7438006e6486a83a11f6e0b358abafdf180f6be5e0f4,845814,bundle-pt-keps3afoouoo,male,1978-03-04,48,14,8.0,159,2026-08-12
pt-kxh2av0xqvzp,fhir_bundles/pt-kxh2av0xqvzp.json,1,Glaucoma,True,True,False,ORIGA,A,619.jpg,archive/ORIGA/Images/619.jpg,308e2612d8140156b498b538e8d5b9676936f8d5d7f97840687c3173d4556e33,710780,bundle-pt-kxh2av0xqvzp,male,1973-04-03,53,18,8.4,182,2026-08-12
pt-la18kc3a7ehg,fhir_bundles/pt-la18kc3a7ehg.json,1,Glaucoma,True,True,False,G1020,full,image_1796.jpg,archive/G1020/Images/image_1796.jpg,26993c52d1666517716384018c5818778fe4458409c829704353d6f0b4ee4eca,1151283,bundle-pt-la18kc3a7ehg,male,1971-07-13,55,15,10.0,180,2026-08-12
pt-lxse611rmi3j,fhir_bundles/pt-lxse611rmi3j.json,1,Glaucoma,True,True,False,REFUGE,train,g0012.jpg,archive/REFUGE/train/Images/g0012.jpg,c5c50685ee0986ded556d14aa14fbdaee83b0e8d94285c55e277d6117c181e7d,1861075,bundle-pt-lxse611rmi3j,female,1965-02-23,61,14,10.3,183,2026-08-12
pt-m01yl17c6gpg,fhir_bundles/pt-m01yl17c6gpg.json,0,Non-Glaucoma,False,True,False,ORIGA,A,583.jpg,archive/ORIGA/Images/583.jpg,15b9cfafa7ef24c2f233e1a655e6c63c35319b04e69b6ea78cf45a80f40277fa,657556,bundle-pt-m01yl17c6gpg,female,1992-01-14,34,9,8.0,142,2026-08-12
pt-m175w54g7nnh,fhir_bundles/pt-m175w54g7nnh.json,1,Glaucoma,True,True,False,REFUGE,val,V0098.jpg,archive/REFUGE/val/Images/V0098.jpg,93351c675be1a1a48a1942f2472c3724d545a4814de04a9b338e7e6c7721310b,885468,bundle-pt-m175w54g7nnh,female,1954-11-13,72,13,7.0,112,2026-08-12
pt-n0widfy74hlu,fhir_bundles/pt-n0widfy74hlu.json,1,Glaucoma,True,True,False,G1020,full,image_840.jpg,archive/G1020/Images/image_840.jpg,b376ca558561a144891e4a3910bdbc6b277b436200694c019ef1323706e2040b,1135426,bundle-pt-n0widfy74hlu,male,1969-04-17,57,9,9.5,188,2026-08-12
pt-ndtw6jijakc1,fhir_bundles/pt-ndtw6jijakc1.json,0,Non-Glaucoma,False,True,False,ORIGA,A,224.jpg,archive/ORIGA/Images/224.jpg,dff6e84b2fcc25d9530e47eccb1263a8682354a93aeb2a530aadadc0d5ed84df,922893,bundle-pt-ndtw6jijakc1,female,1958-10-19,68,9,7.4,141,2026-08-12
pt-on3cf1jggr2b,fhir_bundles/pt-on3cf1jggr2b.json,1,Glaucoma,True,True,False,REFUGE,val,V0344.jpg,archive/REFUGE/val/Images/V0344.jpg,3751ddaf248b300550f8998287e8b05da130c14a76407bb6ca7934be33378568,925964,bundle-pt-on3cf1jggr2b,female,1950-04-08,76,12,8.7,162,2026-08-12
pt-ovxwnlrpq0pk,fhir_bundles/pt-ovxwnlrpq0pk.json,0,Non-Glaucoma,False,True,False,REFUGE,train,n0049.jpg,archive/REFUGE/train/Images/n0049.jpg,16cef6ef8bd62e90b69aa92eb03a4e66e39b39e605a0a497a68e5d78b95af7d2,1732640,bundle-pt-ovxwnlrpq0pk,male,1980-05-10,46,10,7.3,143,2026-08-12
pt-p5k811dyqeaz,fhir_bundles/pt-p5k811dyqeaz.json,0,Non-Glaucoma,False,True,False,REFUGE,train,n0058.jpg,archive/REFUGE/train/Images/n0058.jpg,4435dcb7e64665e154d67f0f3e541d905f094f5019f5dd22a5878f46389ad388,1833856,bundle-pt-p5k811dyqeaz,female,1970-05-05,56,3,6.3,102,2026-08-12
pt-p7j3lra3lql9,fhir_bundles/pt-p7j3lra3lql9.json,0,Non-Glaucoma,False,True,False,G1020,full,image_2568.jpg,archive/G1020/Images/image_2568.jpg,e508ea7dec5c0e41eedbf68ece30aac40b805071e798c206a80aad67d72debc5,1027360,bundle-pt-p7j3lra3lql9,male,1967-06-02,59,8,7.2,100,2026-08-12
pt-px82f82lcv7j,fhir_bundles/pt-px82f82lcv7j.json,0,Non-Glaucoma,False,True,False,REFUGE,train,n0336.jpg,archive/REFUGE/train/Images/n0336.jpg,46161b236489f174b459c8e6892d292a5790d79af27fbfac9e15b8a8fe265f0b,1801927,bundle-pt-px82f82lcv7j,male,1960-04-17,66,12,6.3,104,2026-08-12
pt-qqz7rdkfhnbe,fhir_bundles/pt-qqz7rdkfhnbe.json,0,Non-Glaucoma,False,True,False,REFUGE,val,V0263.jpg,archive/REFUGE/val/Images/V0263.jpg,680f65af350ba85321917839614ea3b4f45c3c63b25e2b5afa41cc654a926f39,885201,bundle-pt-qqz7rdkfhnbe,male,1953-10-28,73,11,8.8,166,2026-08-12
pt-qycitbvx6xgo,fhir_bundles/pt-qycitbvx6xgo.json,1,Glaucoma,True,True,False,ORIGA,A,171.jpg,archive/ORIGA/Images/171.jpg,c0201cecf25689faea16ced61f0c603bf424a4dc8e01a4a1bb726b7882886fec,895676,bundle-pt-qycitbvx6xgo,male,1979-11-07,47,13,10.7,269,2026-08-12
pt-r08k0hts4ll9,fhir_bundles/pt-r08k0hts4ll9.json,0,Non-Glaucoma,False,True,False,ORIGA,B,242.jpg,archive/ORIGA/Images/242.jpg,9fd14a26dede48369df8b506489daf0ba34c86e80ab6d086930fb808adf7d4dd,952300,bundle-pt-r08k0hts4ll9,male,1987-03-14,39,7,7.5,126,2026-08-12
pt-r74z82bf3hfd,fhir_bundles/pt-r74z82bf3hfd.json,1,Glaucoma,True,True,False,G1020,full,image_2403.jpg,archive/G1020/Images/image_2403.jpg,a8665b71f53d4dd0da8afaed3f5db27c1a8b35d87e18b203ce962263adecd5d9,1059954,bundle-pt-r74z82bf3hfd,male,1956-01-15,70,18,7.1,139,2026-08-12
pt-rjkbkmm1qgx0,fhir_bundles/pt-rjkbkmm1qgx0.json,0,Non-Glaucoma,False,True,False,ORIGA,A,607.jpg,archive/ORIGA/Images/607.jpg,eb9a656ad20ee74ffb7bc46a166bf24b3adcccfa76f4c192de7104e72110e8af,546345,bundle-pt-rjkbkmm1qgx0,male,1953-02-21,73,4,6.8,147,2026-08-12
pt-rr7wy8rne4w8,fhir_bundles/pt-rr7wy8rne4w8.json,0,Non-Glaucoma,False,True,False,ORIGA,A,404.jpg,archive/ORIGA/Images/404.jpg,8e3ab6233445233f98fc85ac9d3af5ec67488ae19e78c785e395cb6f9e664aac,990114,bundle-pt-rr7wy8rne4w8,female,1991-02-12,35,1,7.4,93,2026-08-12
pt-rxrwkf1k81u8,fhir_bundles/pt-rxrwkf1k81u8.json,1,Glaucoma,True,True,False,G1020,full,image_1895.jpg,archive/G1020/Images/image_1895.jpg,7830ef2690a56f038d8e6e0657b6beea8dfc95e0fae0ebf41977d340effe919f,962932,bundle-pt-rxrwkf1k81u8,female,1973-01-20,53,8,8.1,140,2026-08-12
pt-sfe64wrso4gx,fhir_bundles/pt-sfe64wrso4gx.json,1,Glaucoma,True,True,False,G1020,full,image_2459.jpg,archive/G1020/Images/image_2459.jpg,e779ad110d75190ff70df5211bc3bb23f42e853f796e82d815decdab04a76680,893311,bundle-pt-sfe64wrso4gx,male,1954-12-19,72,7,8.1,162,2026-08-12
pt-sk96nrswag99,fhir_bundles/pt-sk96nrswag99.json,0,Non-Glaucoma,False,True,False,ORIGA,A,430.jpg,archive/ORIGA/Images/430.jpg,1fa367b8bf200c4e489ded59c3b1fb341d94941a5a5b774f1a0d893689204423,968805,bundle-pt-sk96nrswag99,male,1966-09-14,60,16,5.9,99,2026-08-12
pt-ss0vb71y0az2,fhir_bundles/pt-ss0vb71y0az2.json,0,Non-Glaucoma,False,True,False,G1020,full,image_630.jpg,archive/G1020/Images/image_630.jpg,b98c0b0f30ccfdcd728728a2a0ac5cdbebae7c8d0006699503b4c89bed163105,1147452,bundle-pt-ss0vb71y0az2,male,1961-09-02,65,14,6.0,87,2026-08-12
pt-tj20eai2ku7s,fhir_bundles/pt-tj20eai2ku7s.json,1,Glaucoma,True,True,False,ORIGA,B,486.jpg,archive/ORIGA/Images/486.jpg,17bbc92a4288938004b3dca3d032a56b7840173fef39f71f1db59f4fdb96431f,602633,bundle-pt-tj20eai2ku7s,female,1961-08-06,65,19,7.9,172,2026-08-12
pt-u77tqmquj8mu,fhir_bundles/pt-u77tqmquj8mu.json,0,Non-Glaucoma,False,True,False,ORIGA,A,124.jpg,archive/ORIGA/Images/124.jpg,dc7dca2e4e87ad28d5a1283157dda3fc8e5a303d7f5084faf007b25a0179284c,769752,bundle-pt-u77tqmquj8mu,male,1969-05-26,57,5,8.5,145,2026-08-12
pt-ugbc657767n0,fhir_bundles/pt-ugbc657767n0.json,1,Glaucoma,True,True,False,ORIGA,B,613.jpg,archive/ORIGA/Images/613.jpg,8a90b4fab33c4c97a1fd788ca38e6d5d05dd2f5f503a1fece450579f6481d1bc,392068,bundle-pt-ugbc657767n0,female,1964-11-16,62,14,9.1,182,2026-08-12
pt-uhk6t9zo2tu6,fhir_bundles/pt-uhk6t9zo2tu6.json,0,Non-Glaucoma,False,True,False,G1020,full,image_2555.jpg,archive/G1020/Images/image_2555.jpg,c3142210b4c1463fc3dfb161d08ecdf7afdcca8d1c241b3a80d238cfd4cd3646,1028885,bundle-pt-uhk6t9zo2tu6,male,1966-04-27,60,11,7.1,139,2026-08-12
pt-v38pdschvwp6,fhir_bundles/pt-v38pdschvwp6.json,1,Glaucoma,True,True,False,ORIGA,B,622.jpg,archive/ORIGA/Images/622.jpg,696587efa49d289d6168042255926cf62faf067b45404c7ab60bc382aa0b06bb,565738,bundle-pt-v38pdschvwp6,female,1969-02-02,57,18,8.2,141,2026-08-12
pt-waiot4y5h9se,fhir_bundles/pt-waiot4y5h9se.json,1,Glaucoma,True,True,False,REFUGE,train,g0029.jpg,archive/REFUGE/train/Images/g0029.jpg,2cf6a80016d6e18f30933c3dc1ba133efa2c919eff9d28ae37e75fb04b6c1a5b,1710810,bundle-pt-waiot4y5h9se,male,1971-04-08,55,11,7.8,169,2026-08-12
pt-wbwejgwjpg60,fhir_bundles/pt-wbwejgwjpg60.json,1,Glaucoma,True,True,False,G1020,full,image_2532.jpg,archive/G1020/Images/image_2532.jpg,30f97df7ea870360906863181486fa9ca001ca74b354bfed2d05160973b1af76,1121981,bundle-pt-wbwejgwjpg60,female,1957-01-14,69,6,8.1,151,2026-08-12
pt-wi3qofiqrekk,fhir_bundles/pt-wi3qofiqrekk.json,0,Non-Glaucoma,False,True,False,REFUGE,train,n0179.jpg,archive/REFUGE/train/Images/n0179.jpg,8aef73a4d871313cba34275fd1e196cd8b11a9c1b3d25a0d12f57763ff191d5d,1820270,bundle-pt-wi3qofiqrekk,female,1978-01-09,48,12,8.4,185,2026-08-12
pt-xlcyqkflkmf4,fhir_bundles/pt-xlcyqkflkmf4.json,1,Glaucoma,True,True,False,REFUGE,train,g0023.jpg,archive/REFUGE/train/Images/g0023.jpg,05e531f9643701b662050beacfd4fed493c93553d75a6f601e519a7c9584b389,1695159,bundle-pt-xlcyqkflkmf4,female,1941-10-20,85,20,6.9,134,2026-08-12
pt-xmuigtp9l4le,fhir_bundles/pt-xmuigtp9l4le.json,0,Non-Glaucoma,False,True,False,REFUGE,val,V0322.jpg,archive/REFUGE/val/Images/V0322.jpg,1c2986a928c50f92a236b506dfece7600524a3b70f29e7bce965aca78924e61c,848740,bundle-pt-xmuigtp9l4le,other,1970-08-24,56,2,8.0,123,2026-08-12
pt-xuhxw32tyqwm,fhir_bundles/pt-xuhxw32tyqwm.json,1,Glaucoma,True,True,False,ORIGA,A,304.jpg,archive/ORIGA/Images/304.jpg,b5ec8fd674dbbe00d7f52da1c703820051945166b49e4e52d85b5a4f50cae6bf,545795,bundle-pt-xuhxw32tyqwm,female,1955-12-23,71,17,8.8,176,2026-08-12
pt-xv5t7wbs2fk5,fhir_bundles/pt-xv5t7wbs2fk5.json,1,Glaucoma,True,True,False,G1020,full,image_2531.jpg,archive/G1020/Images/image_2531.jpg,3e2ffc76536061146890be89fd26c3dbaf8131aec52d1d1587ef0cc4577b7dc1,1120622,bundle-pt-xv5t7wbs2fk5,female,1964-05-22,62,13,8.6,149,2026-08-12
pt-yf5ljxexk208,fhir_bundles/pt-yf5ljxexk208.json,1,Glaucoma,True,True,False,REFUGE,train,g0040.jpg,archive/REFUGE/train/Images/g0040.jpg,e6f8a8111b45414a463a8c2901a1e21d3febe88f4e299f95ab3e0e3cd91fd4ad,1721161,bundle-pt-yf5ljxexk208,male,1965-06-28,61,12,7.4,140,2026-08-12
pt-yr5tk7k6nba6,fhir_bundles/pt-yr5tk7k6nba6.json,0,Non-Glaucoma,False,True,False,REFUGE,val,V0031.jpg,archive/REFUGE/val/Images/V0031.jpg,c0004aeae0e5ef5913834dae9da351be625b5552c93a92b3ef494483e6e5c428,873209,bundle-pt-yr5tk7k6nba6,female,1949-01-11,77,14,7.1,142,2026-08-12
pt-yrnoyru13uw4,fhir_bundles/pt-yrnoyru13uw4.json,1,Glaucoma,True,True,False,REFUGE,train,g0037.jpg,archive/REFUGE/train/Images/g0037.jpg,a5b12910619a3544c838ea1da07edcac9c35d4b5b1ce1913b45918a6a81d638c,1747077,bundle-pt-yrnoyru13uw4,male,1962-07-07,64,13,7.3,134,2026-08-12
pt-ywcjdd0vuatq,fhir_bundles/pt-ywcjdd0vuatq.json,0,Non-Glaucoma,False,True,False,REFUGE,train,n0025.jpg,archive/REFUGE/train/Images/n0025.jpg,15274441ddcbad06b0ca5df67eda8bd7fae33c2a0944313976dc0355caa65b99,1757916,bundle-pt-ywcjdd0vuatq,female,1972-08-21,54,10,7.7,123,2026-08-12
pt-z2nqg16euwzy,fhir_bundles/pt-z2nqg16euwzy.json,0,Non-Glaucoma,False,True,False,G1020,full,image_957.jpg,archive/G1020/Images/image_957.jpg,ac2bc06b62d6bebf699177a6447cba07811ce7fcdc6d2ca6573c628e36700881,1111345,bundle-pt-z2nqg16euwzy,female,1962-07-28,64,6,7.7,138,2026-08-12
pt-zjey2ydrbfwi,fhir_bundles/pt-zjey2ydrbfwi.json,0,Non-Glaucoma,False,True,False,REFUGE,train,n0225.jpg,archive/REFUGE/train/Images/n0225.jpg,f5d0b38caec90d4de72a580127cb30c99588110d65fd81388cca21cff730f25e,1909190,bundle-pt-zjey2ydrbfwi,female,1974-07-08,52,9,8.3,147,2026-08-12
pt-zjrtnuqnscti,fhir_bundles/pt-zjrtnuqnscti.json,0,Non-Glaucoma,False,True,False,G1020,full,image_536.jpg,archive/G1020/Images/image_536.jpg,2c263820ad0605eb1ea6bd5ba79396075d8ffc95c3f2507808916c7bc29b4873,1124628,bundle-pt-zjrtnuqnscti,male,1976-10-26,50,16,7.8,145,2026-08-12
pt-zp2y7f397wy3,fhir_bundles/pt-zp2y7f397wy3.json,0,Non-Glaucoma,False,True,False,ORIGA,A,633.jpg,archive/ORIGA/Images/633.jpg,8c718d09ff3d33ff694528a388721d461ab1ca82077ecadc90ce45d1c4f690a5,554902,bundle-pt-zp2y7f397wy3,female,1979-02-27,47,15,6.9,135,2026-08-12
